Designator,Val,Package,Mid X,Mid Y,Rotation,Layer
C1,100u,CP_Elec_6.3x5.4,83.185,-120.523,270.0,bottom
C2,10u,CP_Elec_5x5.4,124.079,-89.789,90.0,bottom
C3,10u,CP_Elec_5x5.4,117.094,-89.789,90.0,bottom
C4,100n,C_0603_1608Metric_Pad1.08x0.95mm_HandSolder,116.713,-95.9855,90.0,bottom
C5,100n,C_Rect_L7.0mm_W2.5mm_P5.00mm,126.238,-104.902,180.0,bottom
C6,1u,C_Rect_L7.0mm_W4.5mm_P5.00mm,91.948,-108.712,0.0,bottom
C7,2u2,C_Rect_L7.2mm_W7.2mm_P5.00mm_FKS2_FKP2_MKS2_MKP2,110.236,-99.568,0.0,bottom
C8,2u2,C_Rect_L7.2mm_W7.2mm_P5.00mm_FKS2_FKP2_MKS2_MKP2,83.145,-110.109,0.0,bottom
C9,2u2,C_Rect_L7.2mm_W7.2mm_P5.00mm_FKS2_FKP2_MKS2_MKP2,71.628,-93.98,0.0,bottom
C10,10p,C_0603_1608Metric_Pad1.08x0.95mm_HandSolder,74.93,-100.1025,270.0,bottom
C11,10p,C_0603_1608Metric_Pad1.08x0.95mm_HandSolder,91.567,-93.853,90.0,bottom
C12,2u2,C_Rect_L7.2mm_W7.2mm_P5.00mm_FKS2_FKP2_MKS2_MKP2,91.948,-116.713,180.0,bottom
C13,2u2,C_Rect_L7.2mm_W7.2mm_P5.00mm_FKS2_FKP2_MKS2_MKP2,110.236,-89.916,0.0,bottom
C14,100n,C_0603_1608Metric_Pad1.08x0.95mm_HandSolder,136.779,-96.012,270.0,bottom
C15,100n,C_0603_1608Metric_Pad1.08x0.95mm_HandSolder,88.773,-97.79,90.0,bottom
C16,1u,C_0603_1608Metric_Pad1.08x0.95mm_HandSolder,123.952,-128.397,270.0,bottom
C17,100n,C_0603_1608Metric_Pad1.08x0.95mm_HandSolder,69.215,-114.554,270.0,bottom
C18,2u2,C_Rect_L7.2mm_W7.2mm_P5.00mm_FKS2_FKP2_MKS2_MKP2,135.001,-122.301,0.0,bottom
C19,2u2,C_Rect_L7.2mm_W7.2mm_P5.00mm_FKS2_FKP2_MKS2_MKP2,126.251,-122.301,0.0,bottom
C20,100n,C_0603_1608Metric_Pad1.08x0.95mm_HandSolder,73.406,-131.3415,270.0,bottom
C21,100n,C_0603_1608Metric_Pad1.08x0.95mm_HandSolder,98.36,-114.7075,270.0,bottom
C22,100n,C_0603_1608Metric_Pad1.08x0.95mm_HandSolder,63.627,-114.3,270.0,bottom
C23,1u,C_Rect_L7.0mm_W2.5mm_P5.00mm,135.001,-115.443,180.0,bottom
C24,1u,C_Rect_L7.0mm_W2.5mm_P5.00mm,126.198,-115.443,180.0,bottom
D1,1N4148,D_SOD-323_HandSoldering,76.2,-120.396,0.0,bottom
D2,D,D_A-405_P7.62mm_Horizontal,115.443,-109.22,270.0,bottom
D3,D,D_A-405_P7.62mm_Horizontal,115.443,-120.269,270.0,bottom
D4,D,D_A-405_P7.62mm_Horizontal,120.142,-109.22,90.0,bottom
D5,D,D_A-405_P7.62mm_Horizontal,120.142,-120.269,90.0,bottom
D6,LED,LED_D5.0mm,131.275,-130.05,180.0,top
D7,LED,LED_D5.0mm,69.275,-130.05,0.0,top
D8,LED,LED_D5.0mm,100.0,-75.35,0.0,top
J1,908140508,CONN_SDA-90814_08_MOL,100.0,-128.5,180.0,bottom
J2,FLIP,JST_XH_B2B-XH-A_1x02_P2.50mm_Vertical,82.042,-129.54,180.0,bottom
J3,RPT,JST_XH_B2B-XH-A_1x02_P2.50mm_Vertical,117.856,-129.54,180.0,bottom
Q1,MMFTP3401,SOT-23,76.073,-124.46,270.0,bottom
Q2,MMBT3904,SOT-23,136.906,-128.778,270.0,bottom
Q3,MMBT3904,SOT-23,63.119,-131.826,270.0,bottom
Q4,MMBT3904,SOT-23,100.203,-81.407,90.0,bottom
R1,1M,R_0603_1608Metric_Pad0.98x0.95mm_HandSolder,72.39,-124.333,90.0,bottom
R2,10k,R_0603_1608Metric_Pad0.98x0.95mm_HandSolder,122.174,-96.012,90.0,bottom
R3,10k,R_0603_1608Metric_Pad0.98x0.95mm_HandSolder,124.968,-96.012,270.0,bottom
R4,10,R_0603_1608Metric_Pad0.98x0.95mm_HandSolder,119.38,-96.012,90.0,bottom
R5,1M,R_0603_1608Metric_Pad0.98x0.95mm_HandSolder,122.174,-99.822,90.0,bottom
R6,100k,R_0603_1608Metric_Pad0.98x0.95mm_HandSolder,109.347,-131.12,90.0,bottom
R7,1M,R_0603_1608Metric_Pad0.98x0.95mm_HandSolder,124.968,-99.822,270.0,bottom
R8,100k,R_0603_1608Metric_Pad0.98x0.95mm_HandSolder,85.979,-103.9095,270.0,bottom
R9,100,R_0603_1608Metric_Pad0.98x0.95mm_HandSolder,119.38,-99.822,90.0,bottom
R10,100,R_0603_1608Metric_Pad0.98x0.95mm_HandSolder,83.185,-103.9095,270.0,bottom
R11,100,R_0603_1608Metric_Pad0.98x0.95mm_HandSolder,77.47,-93.599,270.0,bottom
R12,10k,R_0603_1608Metric_Pad0.98x0.95mm_HandSolder,77.724,-103.886,270.0,bottom
R13,10k,R_0603_1608Metric_Pad0.98x0.95mm_HandSolder,69.469,-100.203,90.0,bottom
R14,10k,R_0603_1608Metric_Pad0.98x0.95mm_HandSolder,80.391,-103.886,90.0,bottom
R15,100k,R_0603_1608Metric_Pad0.98x0.95mm_HandSolder,91.567,-97.79,90.0,bottom
R16,100k,R_0603_1608Metric_Pad0.98x0.95mm_HandSolder,77.724,-100.076,270.0,bottom
R17,100k,R_0603_1608Metric_Pad0.98x0.95mm_HandSolder,88.773,-93.853,90.0,bottom
R18,100,R_0603_1608Metric_Pad0.98x0.95mm_HandSolder,72.136,-100.076,270.0,bottom
R19,100,R_0603_1608Metric_Pad0.98x0.95mm_HandSolder,88.773,-90.043,90.0,bottom
R20,10k,R_0603_1608Metric_Pad0.98x0.95mm_HandSolder,98.298,-109.728,90.0,bottom
R21,100k,R_0603_1608Metric_Pad0.98x0.95mm_HandSolder,126.873,-128.397,90.0,bottom
R22,10k,R_0603_1608Metric_Pad0.98x0.95mm_HandSolder,109.855,-112.903,90.0,bottom
R23,10k,R_0603_1608Metric_Pad0.98x0.95mm_HandSolder,109.855,-116.7365,90.0,bottom
R24,10k,R_0603_1608Metric_Pad0.98x0.95mm_HandSolder,112.141,-123.5,270.0,bottom
R25,10k,R_0603_1608Metric_Pad0.98x0.95mm_HandSolder,112.141,-127.31,270.0,bottom
R26,100,R_0603_1608Metric_Pad0.98x0.95mm_HandSolder,136.779,-99.7985,270.0,bottom
R27,100,R_0603_1608Metric_Pad0.98x0.95mm_HandSolder,136.779,-92.202,90.0,bottom
R28,10k,R_0603_1608Metric_Pad0.98x0.95mm_HandSolder,112.141,-131.0965,270.0,bottom
R29,10k,R_0603_1608Metric_Pad0.98x0.95mm_HandSolder,109.347,-127.31,90.0,bottom
R30,10k,R_0603_1608Metric_Pad0.98x0.95mm_HandSolder,72.39,-120.523,90.0,bottom
R31,10k,R_0603_1608Metric_Pad0.98x0.95mm_HandSolder,76.2,-131.318,90.0,bottom
R32,10k,R_0603_1608Metric_Pad0.98x0.95mm_HandSolder,98.298,-105.791,270.0,bottom
R33,100k,R_0603_1608Metric_Pad0.98x0.95mm_HandSolder,135.89,-132.842,90.0,bottom
R34,1k,R_0603_1608Metric_Pad0.98x0.95mm_HandSolder,126.873,-132.207,90.0,bottom
R35,100k,R_0603_1608Metric_Pad0.98x0.95mm_HandSolder,61.722,-127.762,270.0,bottom
R36,100k,R_0603_1608Metric_Pad0.98x0.95mm_HandSolder,96.52,-81.407,270.0,bottom
R37,1k,R_0603_1608Metric_Pad0.98x0.95mm_HandSolder,64.389,-127.762,270.0,bottom
R38,1k,R_0603_1608Metric_Pad0.98x0.95mm_HandSolder,103.886,-81.3835,90.0,bottom
R39,100k,R_0603_1608Metric_Pad0.98x0.95mm_HandSolder,73.406,-127.762,90.0,bottom
R40,100k,R_0603_1608Metric_Pad0.98x0.95mm_HandSolder,133.477,-103.505,90.0,bottom
R41,100k,R_0603_1608Metric_Pad0.98x0.95mm_HandSolder,136.779,-87.122,270.0,bottom
RV1,A10k,V3_TRIM_R0904NB10KL-Keepout,131.0,-81.45,0.0,top
RV2,A10k,V3_TRIM_R0904NB10KL-Keepout,69.0,-81.45,0.0,top
RV3,A10k,V3_TRIM_R0904NB10KL-Keepout,100.0,-96.45,0.0,top
SW1,SW_SPDT,SPDT.LUGS.PM,69.0,-110.25,90.0,top
SW2,SW_SPDT,SPDT.LUGS.PM,131.0,-110.25,-90.0,top
U1,OPA1679,SOIC-14_3.9x8.7mm_P1.27mm,131.064,-96.901,0.0,bottom
U2,OPA1679,SOIC-14_3.9x8.7mm_P1.27mm,83.058,-96.901,0.0,bottom
U3,DG403,SOIC-16_3.9x9.9mm_P1.27mm,104.14,-113.157,0.0,bottom
U4,NE555,SOIC-8_3.9x4.9mm_P1.27mm,74.93,-115.57,0.0,bottom
U5,CD4070,SOIC-14_3.9x8.7mm_P1.27mm,66.167,-121.031,0.0,bottom
